{
  "textures": {
    "gui": "icon/left"
  },
  "elements": [
    {
      "from": [ -16, -16, -16 ],
      "to": [ 16, 29.254833995939038, -16 ],
      "rotation": {
        "origin":[ 9.010172424746724,-60.1422099620396, 0],
        "axis":"z",
        "angle":-22.5
      },
     "faces": {
        "south": { "uv": [ 0, 0, 8, 8 ], "texture": "#gui"}
      }
    },
    {
      "from": [ -16, -16, -16 ],
      "to": [ 16, 29.254833995939038, -16 ],
      "rotation": {
         "origin":[ -6.9898275752532655,-140.57964183605316, 0],
         "axis":"z",
         "angle":-22.5
      },
      "faces": {
          "south": { "uv": [ 8, 0, 16, 8 ], "texture": "#gui"}
        }
    },
    {
      "from": [ -16, -16, -16 ],
      "to": [ 16, 29.254833995939038, -16 ],
      "rotation": {
        "origin":[ -104.74553465394513,-37.51479296407008, 0],
        "axis":"z",
        "angle":-22.5
      },
      "faces": {
        "south": { "uv": [ 0, 8, 8, 16 ], "texture": "#gui"}
      }
    },
    {
      "from": [ -16, -16, -16 ],
      "to": [ 16, 29.254833995939038, -16 ],
      "rotation": {
         "origin":[ -120.74553465394516,-117.95222483808365, 0],
         "axis":"z",
         "angle":-22.5
      },
      "faces": {
        "south": { "uv": [ 8, 8, 16, 16 ], "texture": "#gui"}
      }
    }
  ],
  "display": {
    "gui": {
      "rotation": [ -45, 0, 22.5 ],
      "scale": [ 4, 4, 4 ],
      "translation": [ 0, 0, -104 ]
    }
  }
}